<?xml version="1.0" encoding="UTF-8" standalone="yes"?>
<addon id="plugin.video.curwatch" name="Cur.Watch" version="0.0.2" provider-name="Cur.Watch">
  <requires>
    <import addon="xbmc.python" version="2.14.0"/>
  </requires>
  <extension point="xbmc.python.pluginsource" library="curacao.py">
    <provides>video</provides>
  </extension>
  <extension point="xbmc.addon.metadata">
    <summary lang="en">CuracaoWatch summary</summary>
    <description lang="en">Cur.watch is Curacao's streaming media portal.</description>
    <disclaimer lang="en"></disclaimer>
    <language>en</language>
    <platform>all</platform>
    <license></license>
    <forum></forum>
    <website>www.cur.watch</website>
    <email></email>
    <source></source>
  </extension>
</addon>