<?xml version="1.0" encoding="UTF-8"?>
<addon id="plugin.video.curwatch"
version="0.0.7"
name="Cur.Watch"
provider-name="Cur.Watch">
<requires>
  <import addon="xbmc.python" version="2.14.0"/>
</requires>
<extension point="xbmc.python.pluginsource" library="main.py">
  <provides>video</provides>
</extension>
<extension point="xbmc.addon.metadata">
  <summary lang="en">Cur.watch is Curacao's streaming media portal</summary>
  <description lang="en">Cur.watch is Curacao's streaming media portal</description>
  <disclaimer lang="en">This project is in no way associated with any local broadcasting network. We take no responsibility nor ownership of the content visible through our website. 
This service is provided as-is, and free of charge, with no guarantees.</disclaimer>
	<language>en</language>
    <platform>all</platform>
    <license></license>
    <forum></forum>
    <website>www.cur.watch</website>
</extension>
</addon>
